"cohort","outcome","outcome_role","exposure_type","contrast","model","beta","ci_low","ci_high","p_value","p_fdr","p_trend","n","n_model_unweighted","n_missing_dropped","weighted_population_estimate","covariates_requested","covariates_used","covariates_missing","uic_adjusted","note"
"discovery","TT4","primary","log_UACR","LOG_UACR","Model 1",0.148362387274408,0.106577562861563,0.190147211687252,8.49121524079135e-09,6.79297219263308e-08,,6487,6487,0,154212619.756667,"","","",FALSE,"Discovery cohort used cycle-specific thyroid analysis weights: WTMEC2YR for 2007-2008 and WTSA2YR for 2009-2012, divided by 3 for 6-year pooled analysis."
"discovery","TT4","primary","log_UACR","LOG_UACR","Model 2",0.109580402746687,0.0639255267828786,0.155235278710496,2.76337497837587e-05,0.000221069998270069,,6487,6487,0,154212619.756667,"AGE_YEARS + SEX + RACE_ETHNICITY","AGE_YEARS + SEX + RACE_ETHNICITY","",FALSE,"Discovery cohort used cycle-specific thyroid analysis weights: WTMEC2YR for 2007-2008 and WTSA2YR for 2009-2012, divided by 3 for 6-year pooled analysis."
"discovery","TT4","primary","log_UACR","LOG_UACR","Model 3",0.0767732150412691,0.0348587133445976,0.118687716737941,0.00124630233501232,0.00997041868009854,,6487,6487,0,154212619.756667,"AGE_YEARS + SEX + RACE_ETHNICITY + EDUCATION + PIR + BMI + SMOKING_STATUS + ALCOHOL_STATUS + DIABETES_STATUS + HYPERTENSION_STATUS + EGFR_CKD_EPI_2021 + UIC_UG_L","AGE_YEARS + SEX + RACE_ETHNICITY + EDUCATION + PIR + BMI + SMOKING_STATUS + ALCOHOL_STATUS + DIABETES_STATUS + HYPERTENSION_STATUS + EGFR_CKD_EPI_2021 + UIC_UG_L","",TRUE,"Discovery cohort used cycle-specific thyroid analysis weights: WTMEC2YR for 2007-2008 and WTSA2YR for 2009-2012, divided by 3 for 6-year pooled analysis."
"discovery","TT4","primary","UACR quartile","UACR_QUARTILEQ2","Model 1",0.112904313394416,-0.0684501046360907,0.294258731424922,0.228599907808253,0.304799877077671,1.38925471327746e-06,6487,6487,0,154212619.756667,"","","",FALSE,"Discovery cohort used cycle-specific thyroid analysis weights: WTMEC2YR for 2007-2008 and WTSA2YR for 2009-2012, divided by 3 for 6-year pooled analysis."
"discovery","TT4","primary","UACR quartile","UACR_QUARTILEQ3","Model 1",0.195868216704212,0.0602030048271597,0.331533428581264,0.00688197281472403,0.0228768390258825,1.38925471327746e-06,6487,6487,0,154212619.756667,"","","",FALSE,"Discovery cohort used cycle-specific thyroid analysis weights: WTMEC2YR for 2007-2008 and WTSA2YR for 2009-2012, divided by 3 for 6-year pooled analysis."
"discovery","TT4","primary","UACR quartile","UACR_QUARTILEQ4","Model 1",0.325603606128586,0.196429773663498,0.454777438593674,1.07301669199371e-05,4.29206676797485e-05,1.38925471327746e-06,6487,6487,0,154212619.756667,"","","",FALSE,"Discovery cohort used cycle-specific thyroid analysis weights: WTMEC2YR for 2007-2008 and WTSA2YR for 2009-2012, divided by 3 for 6-year pooled analysis."
"discovery","TT4","primary","UACR quartile","UACR_QUARTILEQ2","Model 2",0.0136406815085143,-0.156032091940507,0.183313454957535,0.875586549959158,0.938414790940411,0.00815142384648644,6487,6487,0,154212619.756667,"AGE_YEARS + SEX + RACE_ETHNICITY","AGE_YEARS + SEX + RACE_ETHNICITY","",FALSE,"Discovery cohort used cycle-specific thyroid analysis weights: WTMEC2YR for 2007-2008 and WTSA2YR for 2009-2012, divided by 3 for 6-year pooled analysis."
"discovery","TT4","primary","UACR quartile","UACR_QUARTILEQ3","Model 2",0.0777868422365028,-0.0559606248037448,0.21153430927675,0.26109720721912,0.522194414438241,0.00815142384648644,6487,6487,0,154212619.756667,"AGE_YEARS + SEX + RACE_ETHNICITY","AGE_YEARS + SEX + RACE_ETHNICITY","",FALSE,"Discovery cohort used cycle-specific thyroid analysis weights: WTMEC2YR for 2007-2008 and WTSA2YR for 2009-2012, divided by 3 for 6-year pooled analysis."
"discovery","TT4","primary","UACR quartile","UACR_QUARTILEQ4","Model 2",0.187735113586757,0.0481456491567638,0.32732457801675,0.0118815923572786,0.0950527388582288,0.00815142384648644,6487,6487,0,154212619.756667,"AGE_YEARS + SEX + RACE_ETHNICITY","AGE_YEARS + SEX + RACE_ETHNICITY","",FALSE,"Discovery cohort used cycle-specific thyroid analysis weights: WTMEC2YR for 2007-2008 and WTSA2YR for 2009-2012, divided by 3 for 6-year pooled analysis."
"discovery","TT4","primary","UACR quartile","UACR_QUARTILEQ2","Model 3",0.0235178591769748,-0.158878194021041,0.205913912374991,0.802472476503319,0.982404829941614,0.0502018872054407,6487,6487,0,154212619.756667,"AGE_YEARS + SEX + RACE_ETHNICITY + EDUCATION + PIR + BMI + SMOKING_STATUS + ALCOHOL_STATUS + DIABETES_STATUS + HYPERTENSION_STATUS + EGFR_CKD_EPI_2021 + UIC_UG_L","AGE_YEARS + SEX + RACE_ETHNICITY + EDUCATION + PIR + BMI + SMOKING_STATUS + ALCOHOL_STATUS + DIABETES_STATUS + HYPERTENSION_STATUS + EGFR_CKD_EPI_2021 + UIC_UG_L","",TRUE,"Discovery cohort used cycle-specific thyroid analysis weights: WTMEC2YR for 2007-2008 and WTSA2YR for 2009-2012, divided by 3 for 6-year pooled analysis."
"discovery","TT4","primary","UACR quartile","UACR_QUARTILEQ3","Model 3",0.0765561550068265,-0.0673001830057311,0.220412493019384,0.306524754651856,0.985503655888505,0.0502018872054407,6487,6487,0,154212619.756667,"AGE_YEARS + SEX + RACE_ETHNICITY + EDUCATION + PIR + BMI + SMOKING_STATUS + ALCOHOL_STATUS + DIABETES_STATUS + HYPERTENSION_STATUS + EGFR_CKD_EPI_2021 + UIC_UG_L","AGE_YEARS + SEX + RACE_ETHNICITY + EDUCATION + PIR + BMI + SMOKING_STATUS + ALCOHOL_STATUS + DIABETES_STATUS + HYPERTENSION_STATUS + EGFR_CKD_EPI_2021 + UIC_UG_L","",TRUE,"Discovery cohort used cycle-specific thyroid analysis weights: WTMEC2YR for 2007-2008 and WTSA2YR for 2009-2012, divided by 3 for 6-year pooled analysis."
"discovery","TT4","primary","UACR quartile","UACR_QUARTILEQ4","Model 3",0.128576538568764,-0.0084207353631445,0.265573812500673,0.0772837592840052,0.242838454784793,0.0502018872054407,6487,6487,0,154212619.756667,"AGE_YEARS + SEX + RACE_ETHNICITY + EDUCATION + PIR + BMI + SMOKING_STATUS + ALCOHOL_STATUS + DIABETES_STATUS + HYPERTENSION_STATUS + EGFR_CKD_EPI_2021 + UIC_UG_L","AGE_YEARS + SEX + RACE_ETHNICITY + EDUCATION + PIR + BMI + SMOKING_STATUS + ALCOHOL_STATUS + DIABETES_STATUS + HYPERTENSION_STATUS + EGFR_CKD_EPI_2021 + UIC_UG_L","",TRUE,"Discovery cohort used cycle-specific thyroid analysis weights: WTMEC2YR for 2007-2008 and WTSA2YR for 2009-2012, divided by 3 for 6-year pooled analysis."
"discovery","TT4","primary","UACR clinical category","UACR_CLINICAL_CATEGORY30-300","Model 1",0.412274580912818,0.215872102472679,0.608677059352956,0.000155186100978719,0.00124148880782975,3.15995796284361e-06,6487,6487,0,154212619.756667,"","","",FALSE,"Discovery cohort used cycle-specific thyroid analysis weights: WTMEC2YR for 2007-2008 and WTSA2YR for 2009-2012, divided by 3 for 6-year pooled analysis."
"discovery","TT4","primary","UACR clinical category","UACR_CLINICAL_CATEGORY>=300","Model 1",0.720574456910354,0.409106496120355,1.03204241770035,3.98086865404299e-05,0.000318469492323439,3.15995796284361e-06,6487,6487,0,154212619.756667,"","","",FALSE,"Discovery cohort used cycle-specific thyroid analysis weights: WTMEC2YR for 2007-2008 and WTSA2YR for 2009-2012, divided by 3 for 6-year pooled analysis."
"discovery","TT4","primary","UACR clinical category","UACR_CLINICAL_CATEGORY30-300","Model 2",0.345466225060983,0.149974589226367,0.540957860895599,0.00126133116577892,0.0100906493262313,5.06483643306704e-05,6487,6487,0,154212619.756667,"AGE_YEARS + SEX + RACE_ETHNICITY","AGE_YEARS + SEX + RACE_ETHNICITY","",FALSE,"Discovery cohort used cycle-specific thyroid analysis weights: WTMEC2YR for 2007-2008 and WTSA2YR for 2009-2012, divided by 3 for 6-year pooled analysis."
"discovery","TT4","primary","UACR clinical category","UACR_CLINICAL_CATEGORY>=300","Model 2",0.656455186078255,0.349150760792923,0.963759611363587,0.000145998476577073,0.00116798781261658,5.06483643306704e-05,6487,6487,0,154212619.756667,"AGE_YEARS + SEX + RACE_ETHNICITY","AGE_YEARS + SEX + RACE_ETHNICITY","",FALSE,"Discovery cohort used cycle-specific thyroid analysis weights: WTMEC2YR for 2007-2008 and WTSA2YR for 2009-2012, divided by 3 for 6-year pooled analysis."
"discovery","TT4","primary","UACR clinical category","UACR_CLINICAL_CATEGORY30-300","Model 3",0.22815786454738,0.0317693995536519,0.424546329541108,0.0309231971259262,0.123692788503705,0.00533795423672551,6487,6487,0,154212619.756667,"AGE_YEARS + SEX + RACE_ETHNICITY + EDUCATION + PIR + BMI + SMOKING_STATUS + ALCOHOL_STATUS + DIABETES_STATUS + HYPERTENSION_STATUS + EGFR_CKD_EPI_2021 + UIC_UG_L","AGE_YEARS + SEX + RACE_ETHNICITY + EDUCATION + PIR + BMI + SMOKING_STATUS + ALCOHOL_STATUS + DIABETES_STATUS + HYPERTENSION_STATUS + EGFR_CKD_EPI_2021 + UIC_UG_L","",TRUE,"Discovery cohort used cycle-specific thyroid analysis weights: WTMEC2YR for 2007-2008 and WTSA2YR for 2009-2012, divided by 3 for 6-year pooled analysis."
"discovery","TT4","primary","UACR clinical category","UACR_CLINICAL_CATEGORY>=300","Model 3",0.411700747642656,0.127125660928476,0.696275834356836,0.00856321464594289,0.0685057171675432,0.00533795423672551,6487,6487,0,154212619.756667,"AGE_YEARS + SEX + RACE_ETHNICITY + EDUCATION + PIR + BMI + SMOKING_STATUS + ALCOHOL_STATUS + DIABETES_STATUS + HYPERTENSION_STATUS + EGFR_CKD_EPI_2021 + UIC_UG_L","AGE_YEARS + SEX + RACE_ETHNICITY + EDUCATION + PIR + BMI + SMOKING_STATUS + ALCOHOL_STATUS + DIABETES_STATUS + HYPERTENSION_STATUS + EGFR_CKD_EPI_2021 + UIC_UG_L","",TRUE,"Discovery cohort used cycle-specific thyroid analysis weights: WTMEC2YR for 2007-2008 and WTSA2YR for 2009-2012, divided by 3 for 6-year pooled analysis."
"discovery","TGAB","primary","log_UACR","LOG_UACR","Model 1",1.07979034385027,-0.0334453336373191,2.19302602133786,0.0632997344997783,0.0723425537140324,,6487,6487,0,154212619.756667,"","","",FALSE,"Discovery cohort used cycle-specific thyroid analysis weights: WTMEC2YR for 2007-2008 and WTSA2YR for 2009-2012, divided by 3 for 6-year pooled analysis."
"discovery","TGAB","primary","log_UACR","LOG_UACR","Model 2",0.378284458870331,-0.964504960148393,1.72107387788906,0.583763757945862,0.779849983602053,,6487,6487,0,154212619.756667,"AGE_YEARS + SEX + RACE_ETHNICITY","AGE_YEARS + SEX + RACE_ETHNICITY","",FALSE,"Discovery cohort used cycle-specific thyroid analysis weights: WTMEC2YR for 2007-2008 and WTSA2YR for 2009-2012, divided by 3 for 6-year pooled analysis."
"discovery","TGAB","primary","log_UACR","LOG_UACR","Model 3",0.773485461613897,-0.319744618625565,1.86671554185336,0.176461895856846,0.470565055618257,,6487,6487,0,154212619.756667,"AGE_YEARS + SEX + RACE_ETHNICITY + EDUCATION + PIR + BMI + SMOKING_STATUS + ALCOHOL_STATUS + DIABETES_STATUS + HYPERTENSION_STATUS + EGFR_CKD_EPI_2021 + UIC_UG_L","AGE_YEARS + SEX + RACE_ETHNICITY + EDUCATION + PIR + BMI + SMOKING_STATUS + ALCOHOL_STATUS + DIABETES_STATUS + HYPERTENSION_STATUS + EGFR_CKD_EPI_2021 + UIC_UG_L","",TRUE,"Discovery cohort used cycle-specific thyroid analysis weights: WTMEC2YR for 2007-2008 and WTSA2YR for 2009-2012, divided by 3 for 6-year pooled analysis."
"discovery","TGAB","primary","UACR quartile","UACR_QUARTILEQ2","Model 1",8.97452900462492,1.49230256771167,16.4567554415382,0.0230689143825168,0.092275657530067,0.014918295076539,6487,6487,0,154212619.756667,"","","",FALSE,"Discovery cohort used cycle-specific thyroid analysis weights: WTMEC2YR for 2007-2008 and WTSA2YR for 2009-2012, divided by 3 for 6-year pooled analysis."
"discovery","TGAB","primary","UACR quartile","UACR_QUARTILEQ3","Model 1",4.58545360939418,2.5475523401003,6.62335487868806,6.1652261335769e-05,0.000493218090686152,0.014918295076539,6487,6487,0,154212619.756667,"","","",FALSE,"Discovery cohort used cycle-specific thyroid analysis weights: WTMEC2YR for 2007-2008 and WTSA2YR for 2009-2012, divided by 3 for 6-year pooled analysis."
"discovery","TGAB","primary","UACR quartile","UACR_QUARTILEQ4","Model 1",5.60327096528229,2.22323187814355,8.98331005242102,0.00216605511186207,0.00288807348248275,0.014918295076539,6487,6487,0,154212619.756667,"","","",FALSE,"Discovery cohort used cycle-specific thyroid analysis weights: WTMEC2YR for 2007-2008 and WTSA2YR for 2009-2012, divided by 3 for 6-year pooled analysis."
"discovery","TGAB","primary","UACR quartile","UACR_QUARTILEQ2","Model 2",7.55521780008258,1.08608596486245,14.0243496353027,0.0274326010601606,0.146615556130256,0.366855157588373,6487,6487,0,154212619.756667,"AGE_YEARS + SEX + RACE_ETHNICITY","AGE_YEARS + SEX + RACE_ETHNICITY","",FALSE,"Discovery cohort used cycle-specific thyroid analysis weights: WTMEC2YR for 2007-2008 and WTSA2YR for 2009-2012, divided by 3 for 6-year pooled analysis."
"discovery","TGAB","primary","UACR quartile","UACR_QUARTILEQ3","Model 2",2.76747757288282,0.215336407663288,5.31961873810236,0.0397814956751758,0.318251965401407,0.366855157588373,6487,6487,0,154212619.756667,"AGE_YEARS + SEX + RACE_ETHNICITY","AGE_YEARS + SEX + RACE_ETHNICITY","",FALSE,"Discovery cohort used cycle-specific thyroid analysis weights: WTMEC2YR for 2007-2008 and WTSA2YR for 2009-2012, divided by 3 for 6-year pooled analysis."
"discovery","TGAB","primary","UACR quartile","UACR_QUARTILEQ4","Model 2",3.41271857100102,-0.169689710820185,6.99512685282223,0.0692200909882648,0.207518361124748,0.366855157588373,6487,6487,0,154212619.756667,"AGE_YEARS + SEX + RACE_ETHNICITY","AGE_YEARS + SEX + RACE_ETHNICITY","",FALSE,"Discovery cohort used cycle-specific thyroid analysis weights: WTMEC2YR for 2007-2008 and WTSA2YR for 2009-2012, divided by 3 for 6-year pooled analysis."
"discovery","TGAB","primary","UACR quartile","UACR_QUARTILEQ2","Model 3",8.48765794574756,1.97508262837547,15.0002332631197,0.0168400009535311,0.127928148284957,0.138636427390742,6487,6487,0,154212619.756667,"AGE_YEARS + SEX + RACE_ETHNICITY + EDUCATION + PIR + BMI + SMOKING_STATUS + ALCOHOL_STATUS + DIABETES_STATUS + HYPERTENSION_STATUS + EGFR_CKD_EPI_2021 + UIC_UG_L","AGE_YEARS + SEX + RACE_ETHNICITY + EDUCATION + PIR + BMI + SMOKING_STATUS + ALCOHOL_STATUS + DIABETES_STATUS + HYPERTENSION_STATUS + EGFR_CKD_EPI_2021 + UIC_UG_L","",TRUE,"Discovery cohort used cycle-specific thyroid analysis weights: WTMEC2YR for 2007-2008 and WTSA2YR for 2009-2012, divided by 3 for 6-year pooled analysis."
"discovery","TGAB","primary","UACR quartile","UACR_QUARTILEQ3","Model 3",3.55718688609348,0.959326394254599,6.15504737793236,0.0124945849114434,0.0999566792915472,0.138636427390742,6487,6487,0,154212619.756667,"AGE_YEARS + SEX + RACE_ETHNICITY + EDUCATION + PIR + BMI + SMOKING_STATUS + ALCOHOL_STATUS + DIABETES_STATUS + HYPERTENSION_STATUS + EGFR_CKD_EPI_2021 + UIC_UG_L","AGE_YEARS + SEX + RACE_ETHNICITY + EDUCATION + PIR + BMI + SMOKING_STATUS + ALCOHOL_STATUS + DIABETES_STATUS + HYPERTENSION_STATUS + EGFR_CKD_EPI_2021 + UIC_UG_L","",TRUE,"Discovery cohort used cycle-specific thyroid analysis weights: WTMEC2YR for 2007-2008 and WTSA2YR for 2009-2012, divided by 3 for 6-year pooled analysis."
"discovery","TGAB","primary","UACR quartile","UACR_QUARTILEQ4","Model 3",4.74880431480021,0.981811914607323,8.5157967149931,0.0203538893404945,0.162831114723956,0.138636427390742,6487,6487,0,154212619.756667,"AGE_YEARS + SEX + RACE_ETHNICITY + EDUCATION + PIR + BMI + SMOKING_STATUS + ALCOHOL_STATUS + DIABETES_STATUS + HYPERTENSION_STATUS + EGFR_CKD_EPI_2021 + UIC_UG_L","AGE_YEARS + SEX + RACE_ETHNICITY + EDUCATION + PIR + BMI + SMOKING_STATUS + ALCOHOL_STATUS + DIABETES_STATUS + HYPERTENSION_STATUS + EGFR_CKD_EPI_2021 + UIC_UG_L","",TRUE,"Discovery cohort used cycle-specific thyroid analysis weights: WTMEC2YR for 2007-2008 and WTSA2YR for 2009-2012, divided by 3 for 6-year pooled analysis."
"discovery","TGAB","primary","UACR clinical category","UACR_CLINICAL_CATEGORY30-300","Model 1",0.577130524732906,-4.18573196583597,5.33999301530179,0.813301838966115,0.929487815961274,0.808727613986023,6487,6487,0,154212619.756667,"","","",FALSE,"Discovery cohort used cycle-specific thyroid analysis weights: WTMEC2YR for 2007-2008 and WTSA2YR for 2009-2012, divided by 3 for 6-year pooled analysis."
"discovery","TGAB","primary","UACR clinical category","UACR_CLINICAL_CATEGORY>=300","Model 1",-3.29166016224839,-7.11084017930173,0.527519854804957,0.0977906059278709,0.156464969484594,0.808727613986023,6487,6487,0,154212619.756667,"","","",FALSE,"Discovery cohort used cycle-specific thyroid analysis weights: WTMEC2YR for 2007-2008 and WTSA2YR for 2009-2012, divided by 3 for 6-year pooled analysis."
"discovery","TGAB","primary","UACR clinical category","UACR_CLINICAL_CATEGORY30-300","Model 2",-0.602200119605439,-5.53732415161326,4.33292391240238,0.812168666249752,0.812168666249752,0.433379411103321,6487,6487,0,154212619.756667,"AGE_YEARS + SEX + RACE_ETHNICITY","AGE_YEARS + SEX + RACE_ETHNICITY","",FALSE,"Discovery cohort used cycle-specific thyroid analysis weights: WTMEC2YR for 2007-2008 and WTSA2YR for 2009-2012, divided by 3 for 6-year pooled analysis."
"discovery","TGAB","primary","UACR clinical category","UACR_CLINICAL_CATEGORY>=300","Model 2",-4.20669266856213,-7.87734762744457,-0.536037709679688,0.0301399674053756,0.120559869621502,0.433379411103321,6487,6487,0,154212619.756667,"AGE_YEARS + SEX + RACE_ETHNICITY","AGE_YEARS + SEX + RACE_ETHNICITY","",FALSE,"Discovery cohort used cycle-specific thyroid analysis weights: WTMEC2YR for 2007-2008 and WTSA2YR for 2009-2012, divided by 3 for 6-year pooled analysis."
"discovery","TGAB","primary","UACR clinical category","UACR_CLINICAL_CATEGORY30-300","Model 3",0.0293287780054215,-4.43607235706237,4.49472991307322,0.98982353704655,0.98982353704655,0.59213010627066,6487,6487,0,154212619.756667,"AGE_YEARS + SEX + RACE_ETHNICITY + EDUCATION + PIR + BMI + SMOKING_STATUS + ALCOHOL_STATUS + DIABETES_STATUS + HYPERTENSION_STATUS + EGFR_CKD_EPI_2021 + UIC_UG_L","AGE_YEARS + SEX + RACE_ETHNICITY + EDUCATION + PIR + BMI + SMOKING_STATUS + ALCOHOL_STATUS + DIABETES_STATUS + HYPERTENSION_STATUS + EGFR_CKD_EPI_2021 + UIC_UG_L","",TRUE,"Discovery cohort used cycle-specific thyroid analysis weights: WTMEC2YR for 2007-2008 and WTSA2YR for 2009-2012, divided by 3 for 6-year pooled analysis."
"discovery","TGAB","primary","UACR clinical category","UACR_CLINICAL_CATEGORY>=300","Model 3",-3.38693767646526,-8.10302095924185,1.32914560631134,0.170656431481432,0.455083817283818,0.59213010627066,6487,6487,0,154212619.756667,"AGE_YEARS + SEX + RACE_ETHNICITY + EDUCATION + PIR + BMI + SMOKING_STATUS + ALCOHOL_STATUS + DIABETES_STATUS + HYPERTENSION_STATUS + EGFR_CKD_EPI_2021 + UIC_UG_L","AGE_YEARS + SEX + RACE_ETHNICITY + EDUCATION + PIR + BMI + SMOKING_STATUS + ALCOHOL_STATUS + DIABETES_STATUS + HYPERTENSION_STATUS + EGFR_CKD_EPI_2021 + UIC_UG_L","",TRUE,"Discovery cohort used cycle-specific thyroid analysis weights: WTMEC2YR for 2007-2008 and WTSA2YR for 2009-2012, divided by 3 for 6-year pooled analysis."
"discovery","TSH","secondary","log_UACR","LOG_UACR","Model 1",0.060807825647203,0.00560207522623118,0.116013576068175,0.0358870941031823,0.047849458804243,,6487,6487,0,154212619.756667,"","","",FALSE,"Discovery cohort used cycle-specific thyroid analysis weights: WTMEC2YR for 2007-2008 and WTSA2YR for 2009-2012, divided by 3 for 6-year pooled analysis."
"discovery","TSH","secondary","log_UACR","LOG_UACR","Model 2",0.0204116405286434,-0.0603077126165744,0.101130993673861,0.622740039264956,0.779849983602053,,6487,6487,0,154212619.756667,"AGE_YEARS + SEX + RACE_ETHNICITY","AGE_YEARS + SEX + RACE_ETHNICITY","",FALSE,"Discovery cohort used cycle-specific thyroid analysis weights: WTMEC2YR for 2007-2008 and WTSA2YR for 2009-2012, divided by 3 for 6-year pooled analysis."
"discovery","TSH","secondary","log_UACR","LOG_UACR","Model 3",0.0255876807300913,-0.053287017531413,0.104462378991596,0.530042596494935,0.605762967422783,,6487,6487,0,154212619.756667,"AGE_YEARS + SEX + RACE_ETHNICITY + EDUCATION + PIR + BMI + SMOKING_STATUS + ALCOHOL_STATUS + DIABETES_STATUS + HYPERTENSION_STATUS + EGFR_CKD_EPI_2021 + UIC_UG_L","AGE_YEARS + SEX + RACE_ETHNICITY + EDUCATION + PIR + BMI + SMOKING_STATUS + ALCOHOL_STATUS + DIABETES_STATUS + HYPERTENSION_STATUS + EGFR_CKD_EPI_2021 + UIC_UG_L","",TRUE,"Discovery cohort used cycle-specific thyroid analysis weights: WTMEC2YR for 2007-2008 and WTSA2YR for 2009-2012, divided by 3 for 6-year pooled analysis."
"discovery","TSH","secondary","UACR quartile","UACR_QUARTILEQ2","Model 1",0.394127006898205,-0.11987372276998,0.90812773656639,0.139700949417841,0.245709761968976,0.0693485935485717,6487,6487,0,154212619.756667,"","","",FALSE,"Discovery cohort used cycle-specific thyroid analysis weights: WTMEC2YR for 2007-2008 and WTSA2YR for 2009-2012, divided by 3 for 6-year pooled analysis."
"discovery","TSH","secondary","UACR quartile","UACR_QUARTILEQ3","Model 1",0.0915187463048292,-0.101239099830075,0.284276592439734,0.356928722943726,0.595529822674208,0.0693485935485717,6487,6487,0,154212619.756667,"","","",FALSE,"Discovery cohort used cycle-specific thyroid analysis weights: WTMEC2YR for 2007-2008 and WTSA2YR for 2009-2012, divided by 3 for 6-year pooled analysis."
"discovery","TSH","secondary","UACR quartile","UACR_QUARTILEQ4","Model 1",0.283097287754824,0.126629305123777,0.43956527038587,0.000911375483401274,0.00182275096680255,0.0693485935485717,6487,6487,0,154212619.756667,"","","",FALSE,"Discovery cohort used cycle-specific thyroid analysis weights: WTMEC2YR for 2007-2008 and WTSA2YR for 2009-2012, divided by 3 for 6-year pooled analysis."
"discovery","TSH","secondary","UACR quartile","UACR_QUARTILEQ2","Model 2",0.311962217667205,-0.129714233207437,0.753638668541846,0.17391860711541,0.46378295230776,0.847764445582062,6487,6487,0,154212619.756667,"AGE_YEARS + SEX + RACE_ETHNICITY","AGE_YEARS + SEX + RACE_ETHNICITY","",FALSE,"Discovery cohort used cycle-specific thyroid analysis weights: WTMEC2YR for 2007-2008 and WTSA2YR for 2009-2012, divided by 3 for 6-year pooled analysis."
"discovery","TSH","secondary","UACR quartile","UACR_QUARTILEQ3","Model 2",-0.0157786076337028,-0.261391474543577,0.229834259276172,0.900430852700484,0.933045532639865,0.847764445582062,6487,6487,0,154212619.756667,"AGE_YEARS + SEX + RACE_ETHNICITY","AGE_YEARS + SEX + RACE_ETHNICITY","",FALSE,"Discovery cohort used cycle-specific thyroid analysis weights: WTMEC2YR for 2007-2008 and WTSA2YR for 2009-2012, divided by 3 for 6-year pooled analysis."
"discovery","TSH","secondary","UACR quartile","UACR_QUARTILEQ4","Model 2",0.141582608711861,-0.0545733905828659,0.337738608006588,0.164894208558847,0.263830733694155,0.847764445582062,6487,6487,0,154212619.756667,"AGE_YEARS + SEX + RACE_ETHNICITY","AGE_YEARS + SEX + RACE_ETHNICITY","",FALSE,"Discovery cohort used cycle-specific thyroid analysis weights: WTMEC2YR for 2007-2008 and WTSA2YR for 2009-2012, divided by 3 for 6-year pooled analysis."
"discovery","TSH","secondary","UACR quartile","UACR_QUARTILEQ2","Model 3",0.368513841195854,-0.081934563451784,0.818962245843491,0.120908132702882,0.322421687207684,0.642328412084336,6487,6487,0,154212619.756667,"AGE_YEARS + SEX + RACE_ETHNICITY + EDUCATION + PIR + BMI + SMOKING_STATUS + ALCOHOL_STATUS + DIABETES_STATUS + HYPERTENSION_STATUS + EGFR_CKD_EPI_2021 + UIC_UG_L","AGE_YEARS + SEX + RACE_ETHNICITY + EDUCATION + PIR + BMI + SMOKING_STATUS + ALCOHOL_STATUS + DIABETES_STATUS + HYPERTENSION_STATUS + EGFR_CKD_EPI_2021 + UIC_UG_L","",TRUE,"Discovery cohort used cycle-specific thyroid analysis weights: WTMEC2YR for 2007-2008 and WTSA2YR for 2009-2012, divided by 3 for 6-year pooled analysis."
"discovery","TSH","secondary","UACR quartile","UACR_QUARTILEQ3","Model 3",0.0320851555696062,-0.217932727324866,0.282103038464079,0.803382134383333,0.985503655888505,0.642328412084336,6487,6487,0,154212619.756667,"AGE_YEARS + SEX + RACE_ETHNICITY + EDUCATION + PIR + BMI + SMOKING_STATUS + ALCOHOL_STATUS + DIABETES_STATUS + HYPERTENSION_STATUS + EGFR_CKD_EPI_2021 + UIC_UG_L","AGE_YEARS + SEX + RACE_ETHNICITY + EDUCATION + PIR + BMI + SMOKING_STATUS + ALCOHOL_STATUS + DIABETES_STATUS + HYPERTENSION_STATUS + EGFR_CKD_EPI_2021 + UIC_UG_L","",TRUE,"Discovery cohort used cycle-specific thyroid analysis weights: WTMEC2YR for 2007-2008 and WTSA2YR for 2009-2012, divided by 3 for 6-year pooled analysis."
"discovery","TSH","secondary","UACR quartile","UACR_QUARTILEQ4","Model 3",0.188154548797528,-0.0219962865676684,0.398305384162723,0.0910644205442972,0.242838454784793,0.642328412084336,6487,6487,0,154212619.756667,"AGE_YEARS + SEX + RACE_ETHNICITY + EDUCATION + PIR + BMI + SMOKING_STATUS + ALCOHOL_STATUS + DIABETES_STATUS + HYPERTENSION_STATUS + EGFR_CKD_EPI_2021 + UIC_UG_L","AGE_YEARS + SEX + RACE_ETHNICITY + EDUCATION + PIR + BMI + SMOKING_STATUS + ALCOHOL_STATUS + DIABETES_STATUS + HYPERTENSION_STATUS + EGFR_CKD_EPI_2021 + UIC_UG_L","",TRUE,"Discovery cohort used cycle-specific thyroid analysis weights: WTMEC2YR for 2007-2008 and WTSA2YR for 2009-2012, divided by 3 for 6-year pooled analysis."
"discovery","TSH","secondary","UACR clinical category","UACR_CLINICAL_CATEGORY30-300","Model 1",0.0081075022618027,-0.173615878477954,0.18983088300156,0.930689733007797,0.930689733007797,0.67239974078615,6487,6487,0,154212619.756667,"","","",FALSE,"Discovery cohort used cycle-specific thyroid analysis weights: WTMEC2YR for 2007-2008 and WTSA2YR for 2009-2012, divided by 3 for 6-year pooled analysis."
"discovery","TSH","secondary","UACR clinical category","UACR_CLINICAL_CATEGORY>=300","Model 1",0.137775865769232,-0.299914485968272,0.575466217506736,0.540233634207305,0.617409867665492,0.67239974078615,6487,6487,0,154212619.756667,"","","",FALSE,"Discovery cohort used cycle-specific thyroid analysis weights: WTMEC2YR for 2007-2008 and WTSA2YR for 2009-2012, divided by 3 for 6-year pooled analysis."
"discovery","TSH","secondary","UACR clinical category","UACR_CLINICAL_CATEGORY30-300","Model 2",-0.0618103334006806,-0.261292952655566,0.137672285854205,0.546992651581576,0.669597468446123,0.920302796999483,6487,6487,0,154212619.756667,"AGE_YEARS + SEX + RACE_ETHNICITY","AGE_YEARS + SEX + RACE_ETHNICITY","",FALSE,"Discovery cohort used cycle-specific thyroid analysis weights: WTMEC2YR for 2007-2008 and WTSA2YR for 2009-2012, divided by 3 for 6-year pooled analysis."
"discovery","TSH","secondary","UACR clinical category","UACR_CLINICAL_CATEGORY>=300","Model 2",0.121492855504085,-0.300049456733769,0.543035167741939,0.575225052217533,0.657400059677181,0.920302796999483,6487,6487,0,154212619.756667,"AGE_YEARS + SEX + RACE_ETHNICITY","AGE_YEARS + SEX + RACE_ETHNICITY","",FALSE,"Discovery cohort used cycle-specific thyroid analysis weights: WTMEC2YR for 2007-2008 and WTSA2YR for 2009-2012, divided by 3 for 6-year pooled analysis."
"discovery","TSH","secondary","UACR clinical category","UACR_CLINICAL_CATEGORY30-300","Model 3",-0.0748997432931268,-0.262548928672868,0.112749442086615,0.440828534308709,0.840517572400495,0.67772427534396,6487,6487,0,154212619.756667,"AGE_YEARS + SEX + RACE_ETHNICITY + EDUCATION + PIR + BMI + SMOKING_STATUS + ALCOHOL_STATUS + DIABETES_STATUS + HYPERTENSION_STATUS + EGFR_CKD_EPI_2021 + UIC_UG_L","AGE_YEARS + SEX + RACE_ETHNICITY + EDUCATION + PIR + BMI + SMOKING_STATUS + ALCOHOL_STATUS + DIABETES_STATUS + HYPERTENSION_STATUS + EGFR_CKD_EPI_2021 + UIC_UG_L","",TRUE,"Discovery cohort used cycle-specific thyroid analysis weights: WTMEC2YR for 2007-2008 and WTSA2YR for 2009-2012, divided by 3 for 6-year pooled analysis."
"discovery","TSH","secondary","UACR clinical category","UACR_CLINICAL_CATEGORY>=300","Model 3",0.00791638238576087,-0.548661995862852,0.564494760634374,0.977964753892809,0.977964753892809,0.67772427534396,6487,6487,0,154212619.756667,"AGE_YEARS + SEX + RACE_ETHNICITY + EDUCATION + PIR + BMI + SMOKING_STATUS + ALCOHOL_STATUS + DIABETES_STATUS + HYPERTENSION_STATUS + EGFR_CKD_EPI_2021 + UIC_UG_L","AGE_YEARS + SEX + RACE_ETHNICITY + EDUCATION + PIR + BMI + SMOKING_STATUS + ALCOHOL_STATUS + DIABETES_STATUS + HYPERTENSION_STATUS + EGFR_CKD_EPI_2021 + UIC_UG_L","",TRUE,"Discovery cohort used cycle-specific thyroid analysis weights: WTMEC2YR for 2007-2008 and WTSA2YR for 2009-2012, divided by 3 for 6-year pooled analysis."
"discovery","TPOAB","secondary","log_UACR","LOG_UACR","Model 1",1.17992040319108,-0.69355677442685,3.05339758080901,0.223058485929522,0.223058485929522,,6487,6487,0,154212619.756667,"","","",FALSE,"Discovery cohort used cycle-specific thyroid analysis weights: WTMEC2YR for 2007-2008 and WTSA2YR for 2009-2012, divided by 3 for 6-year pooled analysis."
"discovery","TPOAB","secondary","log_UACR","LOG_UACR","Model 2",0.226370179523026,-2.21206160508977,2.66480196413582,0.856493181911713,0.856493181911713,,6487,6487,0,154212619.756667,"AGE_YEARS + SEX + RACE_ETHNICITY","AGE_YEARS + SEX + RACE_ETHNICITY","",FALSE,"Discovery cohort used cycle-specific thyroid analysis weights: WTMEC2YR for 2007-2008 and WTSA2YR for 2009-2012, divided by 3 for 6-year pooled analysis."
"discovery","TPOAB","secondary","log_UACR","LOG_UACR","Model 3",0.518767522226519,-2.39297345181772,3.43050849627076,0.729550614398319,0.729550614398319,,6487,6487,0,154212619.756667,"AGE_YEARS + SEX + RACE_ETHNICITY + EDUCATION + PIR + BMI + SMOKING_STATUS + ALCOHOL_STATUS + DIABETES_STATUS + HYPERTENSION_STATUS + EGFR_CKD_EPI_2021 + UIC_UG_L","AGE_YEARS + SEX + RACE_ETHNICITY + EDUCATION + PIR + BMI + SMOKING_STATUS + ALCOHOL_STATUS + DIABETES_STATUS + HYPERTENSION_STATUS + EGFR_CKD_EPI_2021 + UIC_UG_L","",TRUE,"Discovery cohort used cycle-specific thyroid analysis weights: WTMEC2YR for 2007-2008 and WTSA2YR for 2009-2012, divided by 3 for 6-year pooled analysis."
"discovery","TPOAB","secondary","UACR quartile","UACR_QUARTILEQ2","Model 1",8.24415370709956,-2.89207107821505,19.3803784924142,0.15356860123061,0.245709761968976,0.386377272125189,6487,6487,0,154212619.756667,"","","",FALSE,"Discovery cohort used cycle-specific thyroid analysis weights: WTMEC2YR for 2007-2008 and WTSA2YR for 2009-2012, divided by 3 for 6-year pooled analysis."
"discovery","TPOAB","secondary","UACR quartile","UACR_QUARTILEQ3","Model 1",2.03144398747433,-5.41700548491452,9.47989345986318,0.595529822674208,0.595529822674208,0.386377272125189,6487,6487,0,154212619.756667,"","","",FALSE,"Discovery cohort used cycle-specific thyroid analysis weights: WTMEC2YR for 2007-2008 and WTSA2YR for 2009-2012, divided by 3 for 6-year pooled analysis."
"discovery","TPOAB","secondary","UACR quartile","UACR_QUARTILEQ4","Model 1",5.47181579949748,-1.54081527774746,12.4844468767424,0.133026234721995,0.133026234721995,0.386377272125189,6487,6487,0,154212619.756667,"","","",FALSE,"Discovery cohort used cycle-specific thyroid analysis weights: WTMEC2YR for 2007-2008 and WTSA2YR for 2009-2012, divided by 3 for 6-year pooled analysis."
"discovery","TPOAB","secondary","UACR quartile","UACR_QUARTILEQ2","Model 2",5.11104621767136,-5.60135729213536,15.8234497274781,0.355325091222918,0.583505217872132,0.881798029893787,6487,6487,0,154212619.756667,"AGE_YEARS + SEX + RACE_ETHNICITY","AGE_YEARS + SEX + RACE_ETHNICITY","",FALSE,"Discovery cohort used cycle-specific thyroid analysis weights: WTMEC2YR for 2007-2008 and WTSA2YR for 2009-2012, divided by 3 for 6-year pooled analysis."
"discovery","TPOAB","secondary","UACR quartile","UACR_QUARTILEQ3","Model 2",-1.71276515736939,-11.0922170510634,7.6666867363246,0.722290908545672,0.933045532639865,0.881798029893787,6487,6487,0,154212619.756667,"AGE_YEARS + SEX + RACE_ETHNICITY","AGE_YEARS + SEX + RACE_ETHNICITY","",FALSE,"Discovery cohort used cycle-specific thyroid analysis weights: WTMEC2YR for 2007-2008 and WTSA2YR for 2009-2012, divided by 3 for 6-year pooled analysis."
"discovery","TPOAB","secondary","UACR quartile","UACR_QUARTILEQ4","Model 2",1.54549888281365,-7.25045864084061,10.3414564064679,0.732362368612366,0.836985564128418,0.881798029893787,6487,6487,0,154212619.756667,"AGE_YEARS + SEX + RACE_ETHNICITY","AGE_YEARS + SEX + RACE_ETHNICITY","",FALSE,"Discovery cohort used cycle-specific thyroid analysis weights: WTMEC2YR for 2007-2008 and WTSA2YR for 2009-2012, divided by 3 for 6-year pooled analysis."
"discovery","TPOAB","secondary","UACR quartile","UACR_QUARTILEQ2","Model 3",6.61975993926865,-4.4272188683926,17.6667387469299,0.250838410161007,0.501676820322015,0.871280034440715,6487,6487,0,154212619.756667,"AGE_YEARS + SEX + RACE_ETHNICITY + EDUCATION + PIR + BMI + SMOKING_STATUS + ALCOHOL_STATUS + DIABETES_STATUS + HYPERTENSION_STATUS + EGFR_CKD_EPI_2021 + UIC_UG_L","AGE_YEARS + SEX + RACE_ETHNICITY + EDUCATION + PIR + BMI + SMOKING_STATUS + ALCOHOL_STATUS + DIABETES_STATUS + HYPERTENSION_STATUS + EGFR_CKD_EPI_2021 + UIC_UG_L","",TRUE,"Discovery cohort used cycle-specific thyroid analysis weights: WTMEC2YR for 2007-2008 and WTSA2YR for 2009-2012, divided by 3 for 6-year pooled analysis."
"discovery","TPOAB","secondary","UACR quartile","UACR_QUARTILEQ3","Model 3",0.0917800279274264,-9.71407915191496,9.89763920776981,0.985503655888505,0.985503655888505,0.871280034440715,6487,6487,0,154212619.756667,"AGE_YEARS + SEX + RACE_ETHNICITY + EDUCATION + PIR + BMI + SMOKING_STATUS + ALCOHOL_STATUS + DIABETES_STATUS + HYPERTENSION_STATUS + EGFR_CKD_EPI_2021 + UIC_UG_L","AGE_YEARS + SEX + RACE_ETHNICITY + EDUCATION + PIR + BMI + SMOKING_STATUS + ALCOHOL_STATUS + DIABETES_STATUS + HYPERTENSION_STATUS + EGFR_CKD_EPI_2021 + UIC_UG_L","",TRUE,"Discovery cohort used cycle-specific thyroid analysis weights: WTMEC2YR for 2007-2008 and WTSA2YR for 2009-2012, divided by 3 for 6-year pooled analysis."
"discovery","TPOAB","secondary","UACR quartile","UACR_QUARTILEQ4","Model 3",3.26960262189684,-6.76782719011964,13.3070324339133,0.528763453694035,0.644127067821796,0.871280034440715,6487,6487,0,154212619.756667,"AGE_YEARS + SEX + RACE_ETHNICITY + EDUCATION + PIR + BMI + SMOKING_STATUS + ALCOHOL_STATUS + DIABETES_STATUS + HYPERTENSION_STATUS + EGFR_CKD_EPI_2021 + UIC_UG_L","AGE_YEARS + SEX + RACE_ETHNICITY + EDUCATION + PIR + BMI + SMOKING_STATUS + ALCOHOL_STATUS + DIABETES_STATUS + HYPERTENSION_STATUS + EGFR_CKD_EPI_2021 + UIC_UG_L","",TRUE,"Discovery cohort used cycle-specific thyroid analysis weights: WTMEC2YR for 2007-2008 and WTSA2YR for 2009-2012, divided by 3 for 6-year pooled analysis."
"discovery","TPOAB","secondary","UACR clinical category","UACR_CLINICAL_CATEGORY30-300","Model 1",-0.85491617106936,-7.25093487567382,5.5411025335351,0.794480854943786,0.929487815961274,0.893801670445224,6487,6487,0,154212619.756667,"","","",FALSE,"Discovery cohort used cycle-specific thyroid analysis weights: WTMEC2YR for 2007-2008 and WTSA2YR for 2009-2012, divided by 3 for 6-year pooled analysis."
"discovery","TPOAB","secondary","UACR clinical category","UACR_CLINICAL_CATEGORY>=300","Model 1",0.783227492783233,-15.8428684644182,17.4093234499847,0.926826460498589,0.926826460498589,0.893801670445224,6487,6487,0,154212619.756667,"","","",FALSE,"Discovery cohort used cycle-specific thyroid analysis weights: WTMEC2YR for 2007-2008 and WTSA2YR for 2009-2012, divided by 3 for 6-year pooled analysis."
"discovery","TPOAB","secondary","UACR clinical category","UACR_CLINICAL_CATEGORY30-300","Model 2",-1.77519845439296,-8.11143434801175,4.56103743922583,0.585897784890357,0.669597468446123,0.822387090163046,6487,6487,0,154212619.756667,"AGE_YEARS + SEX + RACE_ETHNICITY","AGE_YEARS + SEX + RACE_ETHNICITY","",FALSE,"Discovery cohort used cycle-specific thyroid analysis weights: WTMEC2YR for 2007-2008 and WTSA2YR for 2009-2012, divided by 3 for 6-year pooled analysis."
"discovery","TPOAB","secondary","UACR clinical category","UACR_CLINICAL_CATEGORY>=300","Model 2",2.1660082124617,-14.027598482534,18.3596149074574,0.794507963594119,0.794507963594119,0.822387090163046,6487,6487,0,154212619.756667,"AGE_YEARS + SEX + RACE_ETHNICITY","AGE_YEARS + SEX + RACE_ETHNICITY","",FALSE,"Discovery cohort used cycle-specific thyroid analysis weights: WTMEC2YR for 2007-2008 and WTSA2YR for 2009-2012, divided by 3 for 6-year pooled analysis."
"discovery","TPOAB","secondary","UACR clinical category","UACR_CLINICAL_CATEGORY30-300","Model 3",-1.13103190360711,-7.62455652240125,5.36249271518704,0.735452875850433,0.840517572400495,0.72664170364425,6487,6487,0,154212619.756667,"AGE_YEARS + SEX + RACE_ETHNICITY + EDUCATION + PIR + BMI + SMOKING_STATUS + ALCOHOL_STATUS + DIABETES_STATUS + HYPERTENSION_STATUS + EGFR_CKD_EPI_2021 + UIC_UG_L","AGE_YEARS + SEX + RACE_ETHNICITY + EDUCATION + PIR + BMI + SMOKING_STATUS + ALCOHOL_STATUS + DIABETES_STATUS + HYPERTENSION_STATUS + EGFR_CKD_EPI_2021 + UIC_UG_L","",TRUE,"Discovery cohort used cycle-specific thyroid analysis weights: WTMEC2YR for 2007-2008 and WTSA2YR for 2009-2012, divided by 3 for 6-year pooled analysis."
"discovery","TPOAB","secondary","UACR clinical category","UACR_CLINICAL_CATEGORY>=300","Model 3",-1.26951929759783,-17.9838849884631,15.4448463932674,0.882763023942291,0.977964753892809,0.72664170364425,6487,6487,0,154212619.756667,"AGE_YEARS + SEX + RACE_ETHNICITY + EDUCATION + PIR + BMI + SMOKING_STATUS + ALCOHOL_STATUS + DIABETES_STATUS + HYPERTENSION_STATUS + EGFR_CKD_EPI_2021 + UIC_UG_L","AGE_YEARS + SEX + RACE_ETHNICITY + EDUCATION + PIR + BMI + SMOKING_STATUS + ALCOHOL_STATUS + DIABETES_STATUS + HYPERTENSION_STATUS + EGFR_CKD_EPI_2021 + UIC_UG_L","",TRUE,"Discovery cohort used cycle-specific thyroid analysis weights: WTMEC2YR for 2007-2008 and WTSA2YR for 2009-2012, divided by 3 for 6-year pooled analysis."
"discovery","FT3","secondary","log_UACR","LOG_UACR","Model 1",-0.0363565312643106,-0.0488728065766621,-0.0238402559519591,7.34831102257258e-07,2.93932440902903e-06,,6484,6484,3,154170612.99031,"","","",FALSE,"Discovery cohort used cycle-specific thyroid analysis weights: WTMEC2YR for 2007-2008 and WTSA2YR for 2009-2012, divided by 3 for 6-year pooled analysis."
"discovery","FT3","secondary","log_UACR","LOG_UACR","Model 2",0.00677480362672877,-0.00491205944102632,0.0184616666944838,0.26231453987786,0.524629079755719,,6484,6484,3,154170612.99031,"AGE_YEARS + SEX + RACE_ETHNICITY","AGE_YEARS + SEX + RACE_ETHNICITY","",FALSE,"Discovery cohort used cycle-specific thyroid analysis weights: WTMEC2YR for 2007-2008 and WTSA2YR for 2009-2012, divided by 3 for 6-year pooled analysis."
"discovery","FT3","secondary","log_UACR","LOG_UACR","Model 3",0.00496581692786387,-0.00691206801847608,0.0168437018742038,0.419466150554125,0.605762967422783,,6484,6484,3,154170612.99031,"AGE_YEARS + SEX + RACE_ETHNICITY + EDUCATION + PIR + BMI + SMOKING_STATUS + ALCOHOL_STATUS + DIABETES_STATUS + HYPERTENSION_STATUS + EGFR_CKD_EPI_2021 + UIC_UG_L","AGE_YEARS + SEX + RACE_ETHNICITY + EDUCATION + PIR + BMI + SMOKING_STATUS + ALCOHOL_STATUS + DIABETES_STATUS + HYPERTENSION_STATUS + EGFR_CKD_EPI_2021 + UIC_UG_L","",TRUE,"Discovery cohort used cycle-specific thyroid analysis weights: WTMEC2YR for 2007-2008 and WTSA2YR for 2009-2012, divided by 3 for 6-year pooled analysis."
"discovery","FT3","secondary","UACR quartile","UACR_QUARTILEQ2","Model 1",-0.0530575571547217,-0.0872231507356498,-0.0188919635737937,0.00385519808559577,0.0308415846847662,4.60622497154254e-07,6484,6484,3,154170612.99031,"","","",FALSE,"Discovery cohort used cycle-specific thyroid analysis weights: WTMEC2YR for 2007-2008 and WTSA2YR for 2009-2012, divided by 3 for 6-year pooled analysis."
"discovery","FT3","secondary","UACR quartile","UACR_QUARTILEQ3","Model 1",-0.0581496256516867,-0.0996537785632194,-0.0166454727401539,0.00857881463470594,0.0228768390258825,4.60622497154254e-07,6484,6484,3,154170612.99031,"","","",FALSE,"Discovery cohort used cycle-specific thyroid analysis weights: WTMEC2YR for 2007-2008 and WTSA2YR for 2009-2012, divided by 3 for 6-year pooled analysis."
"discovery","FT3","secondary","UACR quartile","UACR_QUARTILEQ4","Model 1",-0.109318053884414,-0.143405381184788,-0.0752307265840411,1.07865059924664e-07,8.62920479397311e-07,4.60622497154254e-07,6484,6484,3,154170612.99031,"","","",FALSE,"Discovery cohort used cycle-specific thyroid analysis weights: WTMEC2YR for 2007-2008 and WTSA2YR for 2009-2012, divided by 3 for 6-year pooled analysis."
"discovery","FT3","secondary","UACR quartile","UACR_QUARTILEQ2","Model 2",0.0100045010023469,-0.0249659184557547,0.0449749204604485,0.578111983094955,0.770815977459941,0.071266093133706,6484,6484,3,154170612.99031,"AGE_YEARS + SEX + RACE_ETHNICITY","AGE_YEARS + SEX + RACE_ETHNICITY","",FALSE,"Discovery cohort used cycle-specific thyroid analysis weights: WTMEC2YR for 2007-2008 and WTSA2YR for 2009-2012, divided by 3 for 6-year pooled analysis."
"discovery","FT3","secondary","UACR quartile","UACR_QUARTILEQ3","Model 2",0.0287281385310009,-0.0112750918335805,0.0687313688955824,0.166983914627441,0.522194414438241,0.071266093133706,6484,6484,3,154170612.99031,"AGE_YEARS + SEX + RACE_ETHNICITY","AGE_YEARS + SEX + RACE_ETHNICITY","",FALSE,"Discovery cohort used cycle-specific thyroid analysis weights: WTMEC2YR for 2007-2008 and WTSA2YR for 2009-2012, divided by 3 for 6-year pooled analysis."
"discovery","FT3","secondary","UACR quartile","UACR_QUARTILEQ4","Model 2",0.0275992904711613,-0.00806712351864831,0.0632657044609708,0.137211012144656,0.263830733694155,0.071266093133706,6484,6484,3,154170612.99031,"AGE_YEARS + SEX + RACE_ETHNICITY","AGE_YEARS + SEX + RACE_ETHNICITY","",FALSE,"Discovery cohort used cycle-specific thyroid analysis weights: WTMEC2YR for 2007-2008 and WTSA2YR for 2009-2012, divided by 3 for 6-year pooled analysis."
"discovery","FT3","secondary","UACR quartile","UACR_QUARTILEQ2","Model 3",-0.000267775779569624,-0.03304147046454,0.0325059189054007,0.987345416237718,0.987345416237718,0.234020168222159,6484,6484,3,154170612.99031,"AGE_YEARS + SEX + RACE_ETHNICITY + EDUCATION + PIR + BMI + SMOKING_STATUS + ALCOHOL_STATUS + DIABETES_STATUS + HYPERTENSION_STATUS + EGFR_CKD_EPI_2021 + UIC_UG_L","AGE_YEARS + SEX + RACE_ETHNICITY + EDUCATION + PIR + BMI + SMOKING_STATUS + ALCOHOL_STATUS + DIABETES_STATUS + HYPERTENSION_STATUS + EGFR_CKD_EPI_2021 + UIC_UG_L","",TRUE,"Discovery cohort used cycle-specific thyroid analysis weights: WTMEC2YR for 2007-2008 and WTSA2YR for 2009-2012, divided by 3 for 6-year pooled analysis."
"discovery","FT3","secondary","UACR quartile","UACR_QUARTILEQ3","Model 3",0.0166026492932079,-0.0235265088403416,0.0567318074267573,0.424777695801357,0.985503655888505,0.234020168222159,6484,6484,3,154170612.99031,"AGE_YEARS + SEX + RACE_ETHNICITY + EDUCATION + PIR + BMI + SMOKING_STATUS + ALCOHOL_STATUS + DIABETES_STATUS + HYPERTENSION_STATUS + EGFR_CKD_EPI_2021 + UIC_UG_L","AGE_YEARS + SEX + RACE_ETHNICITY + EDUCATION + PIR + BMI + SMOKING_STATUS + ALCOHOL_STATUS + DIABETES_STATUS + HYPERTENSION_STATUS + EGFR_CKD_EPI_2021 + UIC_UG_L","",TRUE,"Discovery cohort used cycle-specific thyroid analysis weights: WTMEC2YR for 2007-2008 and WTSA2YR for 2009-2012, divided by 3 for 6-year pooled analysis."
"discovery","FT3","secondary","UACR quartile","UACR_QUARTILEQ4","Model 3",0.0163123957414772,-0.0172958889806713,0.0499206804636257,0.350201513194738,0.560322421111581,0.234020168222159,6484,6484,3,154170612.99031,"AGE_YEARS + SEX + RACE_ETHNICITY + EDUCATION + PIR + BMI + SMOKING_STATUS + ALCOHOL_STATUS + DIABETES_STATUS + HYPERTENSION_STATUS + EGFR_CKD_EPI_2021 + UIC_UG_L","AGE_YEARS + SEX + RACE_ETHNICITY + EDUCATION + PIR + BMI + SMOKING_STATUS + ALCOHOL_STATUS + DIABETES_STATUS + HYPERTENSION_STATUS + EGFR_CKD_EPI_2021 + UIC_UG_L","",TRUE,"Discovery cohort used cycle-specific thyroid analysis weights: WTMEC2YR for 2007-2008 and WTSA2YR for 2009-2012, divided by 3 for 6-year pooled analysis."
"discovery","FT3","secondary","UACR clinical category","UACR_CLINICAL_CATEGORY30-300","Model 1",-0.070463736885681,-0.119611825498575,-0.0213156482727869,0.00719794770932044,0.0195979777090092,0.000135082284844533,6484,6484,3,154170612.99031,"","","",FALSE,"Discovery cohort used cycle-specific thyroid analysis weights: WTMEC2YR for 2007-2008 and WTSA2YR for 2009-2012, divided by 3 for 6-year pooled analysis."
"discovery","FT3","secondary","UACR clinical category","UACR_CLINICAL_CATEGORY>=300","Model 1",-0.187013625414568,-0.316628363850865,-0.0573988869782715,0.00686330769519061,0.0274532307807624,0.000135082284844533,6484,6484,3,154170612.99031,"","","",FALSE,"Discovery cohort used cycle-specific thyroid analysis weights: WTMEC2YR for 2007-2008 and WTSA2YR for 2009-2012, divided by 3 for 6-year pooled analysis."
"discovery","FT3","secondary","UACR clinical category","UACR_CLINICAL_CATEGORY30-300","Model 2",0.0237170184920509,-0.0218816238094358,0.0693156607935377,0.313969317267676,0.627938634535351,0.578189028694753,6484,6484,3,154170612.99031,"AGE_YEARS + SEX + RACE_ETHNICITY","AGE_YEARS + SEX + RACE_ETHNICITY","",FALSE,"Discovery cohort used cycle-specific thyroid analysis weights: WTMEC2YR for 2007-2008 and WTSA2YR for 2009-2012, divided by 3 for 6-year pooled analysis."
"discovery","FT3","secondary","UACR clinical category","UACR_CLINICAL_CATEGORY>=300","Model 2",-0.106128527522802,-0.222638069518067,0.0103810144724627,0.0816013029658242,0.217603474575531,0.578189028694753,6484,6484,3,154170612.99031,"AGE_YEARS + SEX + RACE_ETHNICITY","AGE_YEARS + SEX + RACE_ETHNICITY","",FALSE,"Discovery cohort used cycle-specific thyroid analysis weights: WTMEC2YR for 2007-2008 and WTSA2YR for 2009-2012, divided by 3 for 6-year pooled analysis."
"discovery","FT3","secondary","UACR clinical category","UACR_CLINICAL_CATEGORY30-300","Model 3",0.0157995021249508,-0.0327826885713621,0.0643816928212637,0.52922309735132,0.840517572400495,0.658690254199676,6484,6484,3,154170612.99031,"AGE_YEARS + SEX + RACE_ETHNICITY + EDUCATION + PIR + BMI + SMOKING_STATUS + ALCOHOL_STATUS + DIABETES_STATUS + HYPERTENSION_STATUS + EGFR_CKD_EPI_2021 + UIC_UG_L","AGE_YEARS + SEX + RACE_ETHNICITY + EDUCATION + PIR + BMI + SMOKING_STATUS + ALCOHOL_STATUS + DIABETES_STATUS + HYPERTENSION_STATUS + EGFR_CKD_EPI_2021 + UIC_UG_L","",TRUE,"Discovery cohort used cycle-specific thyroid analysis weights: WTMEC2YR for 2007-2008 and WTSA2YR for 2009-2012, divided by 3 for 6-year pooled analysis."
"discovery","FT3","secondary","UACR clinical category","UACR_CLINICAL_CATEGORY>=300","Model 3",-0.0794676059780379,-0.187224932368836,0.0282897204127606,0.159842803412047,0.455083817283818,0.658690254199676,6484,6484,3,154170612.99031,"AGE_YEARS + SEX + RACE_ETHNICITY + EDUCATION + PIR + BMI + SMOKING_STATUS + ALCOHOL_STATUS + DIABETES_STATUS + HYPERTENSION_STATUS + EGFR_CKD_EPI_2021 + UIC_UG_L","AGE_YEARS + SEX + RACE_ETHNICITY + EDUCATION + PIR + BMI + SMOKING_STATUS + ALCOHOL_STATUS + DIABETES_STATUS + HYPERTENSION_STATUS + EGFR_CKD_EPI_2021 + UIC_UG_L","",TRUE,"Discovery cohort used cycle-specific thyroid analysis weights: WTMEC2YR for 2007-2008 and WTSA2YR for 2009-2012, divided by 3 for 6-year pooled analysis."
"discovery","FT4","secondary","log_UACR","LOG_UACR","Model 1",0.00873772371065871,0.00277034126405521,0.0147051061572622,0.00608900643115461,0.00974241028984737,,6487,6487,0,154212619.756667,"","","",FALSE,"Discovery cohort used cycle-specific thyroid analysis weights: WTMEC2YR for 2007-2008 and WTSA2YR for 2009-2012, divided by 3 for 6-year pooled analysis."
"discovery","FT4","secondary","log_UACR","LOG_UACR","Model 2",0.00866904834910488,0.00267390619161129,0.0146641905065985,0.00703302575453368,0.0281321030181347,,6487,6487,0,154212619.756667,"AGE_YEARS + SEX + RACE_ETHNICITY","AGE_YEARS + SEX + RACE_ETHNICITY","",FALSE,"Discovery cohort used cycle-specific thyroid analysis weights: WTMEC2YR for 2007-2008 and WTSA2YR for 2009-2012, divided by 3 for 6-year pooled analysis."
"discovery","FT4","secondary","log_UACR","LOG_UACR","Model 3",0.0073137314175195,0.00161087637288844,0.0130165864621506,0.0179784322238286,0.0719137288953144,,6487,6487,0,154212619.756667,"AGE_YEARS + SEX + RACE_ETHNICITY + EDUCATION + PIR + BMI + SMOKING_STATUS + ALCOHOL_STATUS + DIABETES_STATUS + HYPERTENSION_STATUS + EGFR_CKD_EPI_2021 + UIC_UG_L","AGE_YEARS + SEX + RACE_ETHNICITY + EDUCATION + PIR + BMI + SMOKING_STATUS + ALCOHOL_STATUS + DIABETES_STATUS + HYPERTENSION_STATUS + EGFR_CKD_EPI_2021 + UIC_UG_L","",TRUE,"Discovery cohort used cycle-specific thyroid analysis weights: WTMEC2YR for 2007-2008 and WTSA2YR for 2009-2012, divided by 3 for 6-year pooled analysis."
"discovery","FT4","secondary","UACR quartile","UACR_QUARTILEQ2","Model 1",-0.0134998054800003,-0.0256971856860629,-0.00130242527393765,0.0352645751167065,0.094038866977884,0.0254925772405932,6487,6487,0,154212619.756667,"","","",FALSE,"Discovery cohort used cycle-specific thyroid analysis weights: WTMEC2YR for 2007-2008 and WTSA2YR for 2009-2012, divided by 3 for 6-year pooled analysis."
"discovery","FT4","secondary","UACR quartile","UACR_QUARTILEQ3","Model 1",0.00354581280572062,-0.00784440046238685,0.0149360260738281,0.544761987215931,0.595529822674208,0.0254925772405932,6487,6487,0,154212619.756667,"","","",FALSE,"Discovery cohort used cycle-specific thyroid analysis weights: WTMEC2YR for 2007-2008 and WTSA2YR for 2009-2012, divided by 3 for 6-year pooled analysis."
"discovery","FT4","secondary","UACR quartile","UACR_QUARTILEQ4","Model 1",0.0161414159525451,-0.000529001706418723,0.032811833611509,0.0640079998593962,0.0731519998393099,0.0254925772405932,6487,6487,0,154212619.756667,"","","",FALSE,"Discovery cohort used cycle-specific thyroid analysis weights: WTMEC2YR for 2007-2008 and WTSA2YR for 2009-2012, divided by 3 for 6-year pooled analysis."
"discovery","FT4","secondary","UACR quartile","UACR_QUARTILEQ2","Model 2",-0.0135652196761373,-0.025862842998966,-0.00126759635330858,0.0366538890325641,0.146615556130256,0.031668278569808,6487,6487,0,154212619.756667,"AGE_YEARS + SEX + RACE_ETHNICITY","AGE_YEARS + SEX + RACE_ETHNICITY","",FALSE,"Discovery cohort used cycle-specific thyroid analysis weights: WTMEC2YR for 2007-2008 and WTSA2YR for 2009-2012, divided by 3 for 6-year pooled analysis."
"discovery","FT4","secondary","UACR quartile","UACR_QUARTILEQ3","Model 2",0.00338989559253396,-0.00840052386708182,0.0151803150521497,0.576223248704026,0.921957197926442,0.031668278569808,6487,6487,0,154212619.756667,"AGE_YEARS + SEX + RACE_ETHNICITY","AGE_YEARS + SEX + RACE_ETHNICITY","",FALSE,"Discovery cohort used cycle-specific thyroid analysis weights: WTMEC2YR for 2007-2008 and WTSA2YR for 2009-2012, divided by 3 for 6-year pooled analysis."
"discovery","FT4","secondary","UACR quartile","UACR_QUARTILEQ4","Model 2",0.0160414007662881,-0.00132975702595854,0.0334125585585348,0.0778193854217805,0.207518361124748,0.031668278569808,6487,6487,0,154212619.756667,"AGE_YEARS + SEX + RACE_ETHNICITY","AGE_YEARS + SEX + RACE_ETHNICITY","",FALSE,"Discovery cohort used cycle-specific thyroid analysis weights: WTMEC2YR for 2007-2008 and WTSA2YR for 2009-2012, divided by 3 for 6-year pooled analysis."
"discovery","FT4","secondary","UACR quartile","UACR_QUARTILEQ2","Model 3",-0.0141524879907267,-0.0263917840735178,-0.00191319190793551,0.0319820370712394,0.127928148284957,0.0728191203873985,6487,6487,0,154212619.756667,"AGE_YEARS + SEX + RACE_ETHNICITY + EDUCATION + PIR + BMI + SMOKING_STATUS + ALCOHOL_STATUS + DIABETES_STATUS + HYPERTENSION_STATUS + EGFR_CKD_EPI_2021 + UIC_UG_L","AGE_YEARS + SEX + RACE_ETHNICITY + EDUCATION + PIR + BMI + SMOKING_STATUS + ALCOHOL_STATUS + DIABETES_STATUS + HYPERTENSION_STATUS + EGFR_CKD_EPI_2021 + UIC_UG_L","",TRUE,"Discovery cohort used cycle-specific thyroid analysis weights: WTMEC2YR for 2007-2008 and WTSA2YR for 2009-2012, divided by 3 for 6-year pooled analysis."
"discovery","FT4","secondary","UACR quartile","UACR_QUARTILEQ3","Model 3",0.00223997999521771,-0.00957942525944074,0.0140593852498762,0.713309618407871,0.985503655888505,0.0728191203873985,6487,6487,0,154212619.756667,"AGE_YEARS + SEX + RACE_ETHNICITY + EDUCATION + PIR + BMI + SMOKING_STATUS + ALCOHOL_STATUS + DIABETES_STATUS + HYPERTENSION_STATUS + EGFR_CKD_EPI_2021 + UIC_UG_L","AGE_YEARS + SEX + RACE_ETHNICITY + EDUCATION + PIR + BMI + SMOKING_STATUS + ALCOHOL_STATUS + DIABETES_STATUS + HYPERTENSION_STATUS + EGFR_CKD_EPI_2021 + UIC_UG_L","",TRUE,"Discovery cohort used cycle-specific thyroid analysis weights: WTMEC2YR for 2007-2008 and WTSA2YR for 2009-2012, divided by 3 for 6-year pooled analysis."
"discovery","FT4","secondary","UACR quartile","UACR_QUARTILEQ4","Model 3",0.0128875325879194,-0.00436109554887474,0.0301361607247135,0.155061703059437,0.310123406118874,0.0728191203873985,6487,6487,0,154212619.756667,"AGE_YEARS + SEX + RACE_ETHNICITY + EDUCATION + PIR + BMI + SMOKING_STATUS + ALCOHOL_STATUS + DIABETES_STATUS + HYPERTENSION_STATUS + EGFR_CKD_EPI_2021 + UIC_UG_L","AGE_YEARS + SEX + RACE_ETHNICITY + EDUCATION + PIR + BMI + SMOKING_STATUS + ALCOHOL_STATUS + DIABETES_STATUS + HYPERTENSION_STATUS + EGFR_CKD_EPI_2021 + UIC_UG_L","",TRUE,"Discovery cohort used cycle-specific thyroid analysis weights: WTMEC2YR for 2007-2008 and WTSA2YR for 2009-2012, divided by 3 for 6-year pooled analysis."
"discovery","FT4","secondary","UACR clinical category","UACR_CLINICAL_CATEGORY30-300","Model 1",0.0318167275544337,0.00956258144350723,0.0540708736653601,0.00734924164087844,0.0195979777090092,0.00408882204760929,6487,6487,0,154212619.756667,"","","",FALSE,"Discovery cohort used cycle-specific thyroid analysis weights: WTMEC2YR for 2007-2008 and WTSA2YR for 2009-2012, divided by 3 for 6-year pooled analysis."
"discovery","FT4","secondary","UACR clinical category","UACR_CLINICAL_CATEGORY>=300","Model 1",0.0404865509721556,-0.00245329979531527,0.0834264017396265,0.0708975879211467,0.141795175842293,0.00408882204760929,6487,6487,0,154212619.756667,"","","",FALSE,"Discovery cohort used cycle-specific thyroid analysis weights: WTMEC2YR for 2007-2008 and WTSA2YR for 2009-2012, divided by 3 for 6-year pooled analysis."
"discovery","FT4","secondary","UACR clinical category","UACR_CLINICAL_CATEGORY30-300","Model 2",0.0311065141174125,0.00926585172799385,0.0529471765068312,0.00793061016296953,0.0317224406518781,0.00636023255809685,6487,6487,0,154212619.756667,"AGE_YEARS + SEX + RACE_ETHNICITY","AGE_YEARS + SEX + RACE_ETHNICITY","",FALSE,"Discovery cohort used cycle-specific thyroid analysis weights: WTMEC2YR for 2007-2008 and WTSA2YR for 2009-2012, divided by 3 for 6-year pooled analysis."
"discovery","FT4","secondary","UACR clinical category","UACR_CLINICAL_CATEGORY>=300","Model 2",0.035716682062914,-0.00785763606338788,0.0792910001892159,0.115826624805975,0.23165324961195,0.00636023255809685,6487,6487,0,154212619.756667,"AGE_YEARS + SEX + RACE_ETHNICITY","AGE_YEARS + SEX + RACE_ETHNICITY","",FALSE,"Discovery cohort used cycle-specific thyroid analysis weights: WTMEC2YR for 2007-2008 and WTSA2YR for 2009-2012, divided by 3 for 6-year pooled analysis."
"discovery","FT4","secondary","UACR clinical category","UACR_CLINICAL_CATEGORY30-300","Model 3",0.0275246942943208,0.00665152239263549,0.048397866196006,0.0154764342640561,0.123692788503705,0.0183327465358424,6487,6487,0,154212619.756667,"AGE_YEARS + SEX + RACE_ETHNICITY + EDUCATION + PIR + BMI + SMOKING_STATUS + ALCOHOL_STATUS + DIABETES_STATUS + HYPERTENSION_STATUS + EGFR_CKD_EPI_2021 + UIC_UG_L","AGE_YEARS + SEX + RACE_ETHNICITY + EDUCATION + PIR + BMI + SMOKING_STATUS + ALCOHOL_STATUS + DIABETES_STATUS + HYPERTENSION_STATUS + EGFR_CKD_EPI_2021 + UIC_UG_L","",TRUE,"Discovery cohort used cycle-specific thyroid analysis weights: WTMEC2YR for 2007-2008 and WTSA2YR for 2009-2012, divided by 3 for 6-year pooled analysis."
"discovery","FT4","secondary","UACR clinical category","UACR_CLINICAL_CATEGORY>=300","Model 3",0.0231817286498083,-0.018109715968733,0.0644731732683496,0.280881729794692,0.561763459589384,0.0183327465358424,6487,6487,0,154212619.756667,"AGE_YEARS + SEX + RACE_ETHNICITY + EDUCATION + PIR + BMI + SMOKING_STATUS + ALCOHOL_STATUS + DIABETES_STATUS + HYPERTENSION_STATUS + EGFR_CKD_EPI_2021 + UIC_UG_L","AGE_YEARS + SEX + RACE_ETHNICITY + EDUCATION + PIR + BMI + SMOKING_STATUS + ALCOHOL_STATUS + DIABETES_STATUS + HYPERTENSION_STATUS + EGFR_CKD_EPI_2021 + UIC_UG_L","",TRUE,"Discovery cohort used cycle-specific thyroid analysis weights: WTMEC2YR for 2007-2008 and WTSA2YR for 2009-2012, divided by 3 for 6-year pooled analysis."
"discovery","TT3","secondary","log_UACR","LOG_UACR","Model 1",-1.59790536558052,-2.2994334783835,-0.896377252777529,4.85958205666538e-05,0.00012958885484441,,6484,6484,3,154170612.99031,"","","",FALSE,"Discovery cohort used cycle-specific thyroid analysis weights: WTMEC2YR for 2007-2008 and WTSA2YR for 2009-2012, divided by 3 for 6-year pooled analysis."
"discovery","TT3","secondary","log_UACR","LOG_UACR","Model 2",-0.151950351376915,-0.874661898370199,0.57076119561637,0.682368735651796,0.779849983602053,,6484,6484,3,154170612.99031,"AGE_YEARS + SEX + RACE_ETHNICITY","AGE_YEARS + SEX + RACE_ETHNICITY","",FALSE,"Discovery cohort used cycle-specific thyroid analysis weights: WTMEC2YR for 2007-2008 and WTSA2YR for 2009-2012, divided by 3 for 6-year pooled analysis."
"discovery","TT3","secondary","log_UACR","LOG_UACR","Model 3",-0.234936412609181,-0.957538785032933,0.487665959814571,0.529141276754459,0.605762967422783,,6484,6484,3,154170612.99031,"AGE_YEARS + SEX + RACE_ETHNICITY + EDUCATION + PIR + BMI + SMOKING_STATUS + ALCOHOL_STATUS + DIABETES_STATUS + HYPERTENSION_STATUS + EGFR_CKD_EPI_2021 + UIC_UG_L","AGE_YEARS + SEX + RACE_ETHNICITY + EDUCATION + PIR + BMI + SMOKING_STATUS + ALCOHOL_STATUS + DIABETES_STATUS + HYPERTENSION_STATUS + EGFR_CKD_EPI_2021 + UIC_UG_L","",TRUE,"Discovery cohort used cycle-specific thyroid analysis weights: WTMEC2YR for 2007-2008 and WTSA2YR for 2009-2012, divided by 3 for 6-year pooled analysis."
"discovery","TT3","secondary","UACR quartile","UACR_QUARTILEQ2","Model 1",-0.224630790777585,-2.43763086979098,1.98836928823581,0.843178626572197,0.843178626572197,0.00167864407539784,6484,6484,3,154170612.99031,"","","",FALSE,"Discovery cohort used cycle-specific thyroid analysis weights: WTMEC2YR for 2007-2008 and WTSA2YR for 2009-2012, divided by 3 for 6-year pooled analysis."
"discovery","TT3","secondary","UACR quartile","UACR_QUARTILEQ3","Model 1",-0.732117711523341,-2.85150347806456,1.38726805501787,0.501758976337591,0.595529822674208,0.00167864407539784,6484,6484,3,154170612.99031,"","","",FALSE,"Discovery cohort used cycle-specific thyroid analysis weights: WTMEC2YR for 2007-2008 and WTSA2YR for 2009-2012, divided by 3 for 6-year pooled analysis."
"discovery","TT3","secondary","UACR quartile","UACR_QUARTILEQ4","Model 1",-4.49338663853633,-6.95537972524249,-2.03139355183017,0.000831025456323809,0.00182275096680255,0.00167864407539784,6484,6484,3,154170612.99031,"","","",FALSE,"Discovery cohort used cycle-specific thyroid analysis weights: WTMEC2YR for 2007-2008 and WTSA2YR for 2009-2012, divided by 3 for 6-year pooled analysis."
"discovery","TT3","secondary","UACR quartile","UACR_QUARTILEQ2","Model 2",1.14816622750234,-1.30619887939553,3.60253133440022,0.364690761170082,0.583505217872132,0.971751850631143,6484,6484,3,154170612.99031,"AGE_YEARS + SEX + RACE_ETHNICITY","AGE_YEARS + SEX + RACE_ETHNICITY","",FALSE,"Discovery cohort used cycle-specific thyroid analysis weights: WTMEC2YR for 2007-2008 and WTSA2YR for 2009-2012, divided by 3 for 6-year pooled analysis."
"discovery","TT3","secondary","UACR quartile","UACR_QUARTILEQ3","Model 2",1.40806240318797,-0.782477958525684,3.59860276490162,0.215016529921892,0.522194414438241,0.971751850631143,6484,6484,3,154170612.99031,"AGE_YEARS + SEX + RACE_ETHNICITY","AGE_YEARS + SEX + RACE_ETHNICITY","",FALSE,"Discovery cohort used cycle-specific thyroid analysis weights: WTMEC2YR for 2007-2008 and WTSA2YR for 2009-2012, divided by 3 for 6-year pooled analysis."
"discovery","TT3","secondary","UACR quartile","UACR_QUARTILEQ4","Model 2",-0.292134805201752,-3.07834685852355,2.49407724812005,0.838218862113156,0.838218862113156,0.971751850631143,6484,6484,3,154170612.99031,"AGE_YEARS + SEX + RACE_ETHNICITY","AGE_YEARS + SEX + RACE_ETHNICITY","",FALSE,"Discovery cohort used cycle-specific thyroid analysis weights: WTMEC2YR for 2007-2008 and WTSA2YR for 2009-2012, divided by 3 for 6-year pooled analysis."
"discovery","TT3","secondary","UACR quartile","UACR_QUARTILEQ2","Model 3",0.619094573203072,-1.72786751734619,2.96605666375233,0.609513064144713,0.975220902631541,0.699601776154875,6484,6484,3,154170612.99031,"AGE_YEARS + SEX + RACE_ETHNICITY + EDUCATION + PIR + BMI + SMOKING_STATUS + ALCOHOL_STATUS + DIABETES_STATUS + HYPERTENSION_STATUS + EGFR_CKD_EPI_2021 + UIC_UG_L","AGE_YEARS + SEX + RACE_ETHNICITY + EDUCATION + PIR + BMI + SMOKING_STATUS + ALCOHOL_STATUS + DIABETES_STATUS + HYPERTENSION_STATUS + EGFR_CKD_EPI_2021 + UIC_UG_L","",TRUE,"Discovery cohort used cycle-specific thyroid analysis weights: WTMEC2YR for 2007-2008 and WTSA2YR for 2009-2012, divided by 3 for 6-year pooled analysis."
"discovery","TT3","secondary","UACR quartile","UACR_QUARTILEQ3","Model 3",0.718635411235456,-1.54061142013579,2.9778822426067,0.53842082592276,0.985503655888505,0.699601776154875,6484,6484,3,154170612.99031,"AGE_YEARS + SEX + RACE_ETHNICITY + EDUCATION + PIR + BMI + SMOKING_STATUS + ALCOHOL_STATUS + DIABETES_STATUS + HYPERTENSION_STATUS + EGFR_CKD_EPI_2021 + UIC_UG_L","AGE_YEARS + SEX + RACE_ETHNICITY + EDUCATION + PIR + BMI + SMOKING_STATUS + ALCOHOL_STATUS + DIABETES_STATUS + HYPERTENSION_STATUS + EGFR_CKD_EPI_2021 + UIC_UG_L","",TRUE,"Discovery cohort used cycle-specific thyroid analysis weights: WTMEC2YR for 2007-2008 and WTSA2YR for 2009-2012, divided by 3 for 6-year pooled analysis."
"discovery","TT3","secondary","UACR quartile","UACR_QUARTILEQ4","Model 3",-0.800459737511429,-3.48248382148041,1.88156434645755,0.563611184344071,0.644127067821796,0.699601776154875,6484,6484,3,154170612.99031,"AGE_YEARS + SEX + RACE_ETHNICITY + EDUCATION + PIR + BMI + SMOKING_STATUS + ALCOHOL_STATUS + DIABETES_STATUS + HYPERTENSION_STATUS + EGFR_CKD_EPI_2021 + UIC_UG_L","AGE_YEARS + SEX + RACE_ETHNICITY + EDUCATION + PIR + BMI + SMOKING_STATUS + ALCOHOL_STATUS + DIABETES_STATUS + HYPERTENSION_STATUS + EGFR_CKD_EPI_2021 + UIC_UG_L","",TRUE,"Discovery cohort used cycle-specific thyroid analysis weights: WTMEC2YR for 2007-2008 and WTSA2YR for 2009-2012, divided by 3 for 6-year pooled analysis."
"discovery","TT3","secondary","UACR clinical category","UACR_CLINICAL_CATEGORY30-300","Model 1",-2.78206856145667,-5.52027058788452,-0.0438665350288248,0.0522667414232804,0.0836267862772486,0.00475311792601373,6484,6484,3,154170612.99031,"","","",FALSE,"Discovery cohort used cycle-specific thyroid analysis weights: WTMEC2YR for 2007-2008 and WTSA2YR for 2009-2012, divided by 3 for 6-year pooled analysis."
"discovery","TT3","secondary","UACR clinical category","UACR_CLINICAL_CATEGORY>=300","Model 1",-8.53397478982776,-14.9119308697546,-2.15601870990094,0.0117267391441556,0.031271304384415,0.00475311792601373,6484,6484,3,154170612.99031,"","","",FALSE,"Discovery cohort used cycle-specific thyroid analysis weights: WTMEC2YR for 2007-2008 and WTSA2YR for 2009-2012, divided by 3 for 6-year pooled analysis."
"discovery","TT3","secondary","UACR clinical category","UACR_CLINICAL_CATEGORY30-300","Model 2",0.959092864146865,-1.3580356402849,3.27622136857863,0.421894163870716,0.669597468446123,0.715246258782116,6484,6484,3,154170612.99031,"AGE_YEARS + SEX + RACE_ETHNICITY","AGE_YEARS + SEX + RACE_ETHNICITY","",FALSE,"Discovery cohort used cycle-specific thyroid analysis weights: WTMEC2YR for 2007-2008 and WTSA2YR for 2009-2012, divided by 3 for 6-year pooled analysis."
"discovery","TT3","secondary","UACR clinical category","UACR_CLINICAL_CATEGORY>=300","Model 2",-4.25305501491742,-10.5101453217504,2.00403529191554,0.190137211427215,0.304219538283543,0.715246258782116,6484,6484,3,154170612.99031,"AGE_YEARS + SEX + RACE_ETHNICITY","AGE_YEARS + SEX + RACE_ETHNICITY","",FALSE,"Discovery cohort used cycle-specific thyroid analysis weights: WTMEC2YR for 2007-2008 and WTSA2YR for 2009-2012, divided by 3 for 6-year pooled analysis."
"discovery","TT3","secondary","UACR clinical category","UACR_CLINICAL_CATEGORY30-300","Model 3",0.50624784809704,-1.84617410413244,2.85866980032652,0.676512328658899,0.840517572400495,0.8173153552371,6484,6484,3,154170612.99031,"AGE_YEARS + SEX + RACE_ETHNICITY + EDUCATION + PIR + BMI + SMOKING_STATUS + ALCOHOL_STATUS + DIABETES_STATUS + HYPERTENSION_STATUS + EGFR_CKD_EPI_2021 + UIC_UG_L","AGE_YEARS + SEX + RACE_ETHNICITY + EDUCATION + PIR + BMI + SMOKING_STATUS + ALCOHOL_STATUS + DIABETES_STATUS + HYPERTENSION_STATUS + EGFR_CKD_EPI_2021 + UIC_UG_L","",TRUE,"Discovery cohort used cycle-specific thyroid analysis weights: WTMEC2YR for 2007-2008 and WTSA2YR for 2009-2012, divided by 3 for 6-year pooled analysis."
"discovery","TT3","secondary","UACR clinical category","UACR_CLINICAL_CATEGORY>=300","Model 3",-2.46639490530354,-8.35345527941842,3.42066546881135,0.418755014644536,0.612832212554419,0.8173153552371,6484,6484,3,154170612.99031,"AGE_YEARS + SEX + RACE_ETHNICITY + EDUCATION + PIR + BMI + SMOKING_STATUS + ALCOHOL_STATUS + DIABETES_STATUS + HYPERTENSION_STATUS + EGFR_CKD_EPI_2021 + UIC_UG_L","AGE_YEARS + SEX + RACE_ETHNICITY + EDUCATION + PIR + BMI + SMOKING_STATUS + ALCOHOL_STATUS + DIABETES_STATUS + HYPERTENSION_STATUS + EGFR_CKD_EPI_2021 + UIC_UG_L","",TRUE,"Discovery cohort used cycle-specific thyroid analysis weights: WTMEC2YR for 2007-2008 and WTSA2YR for 2009-2012, divided by 3 for 6-year pooled analysis."
"discovery","TG","secondary","log_UACR","LOG_UACR","Model 1",1.26955444259268,0.516701637433978,2.02240724775138,0.0018007469339587,0.00360149386791739,,6482,6482,5,154125836.406826,"","","",FALSE,"Discovery cohort used cycle-specific thyroid analysis weights: WTMEC2YR for 2007-2008 and WTSA2YR for 2009-2012, divided by 3 for 6-year pooled analysis."
"discovery","TG","secondary","log_UACR","LOG_UACR","Model 2",0.555294936540488,-0.323650545639587,1.43424041872056,0.222490214846566,0.524629079755719,,6482,6482,5,154125836.406826,"AGE_YEARS + SEX + RACE_ETHNICITY","AGE_YEARS + SEX + RACE_ETHNICITY","",FALSE,"Discovery cohort used cycle-specific thyroid analysis weights: WTMEC2YR for 2007-2008 and WTSA2YR for 2009-2012, divided by 3 for 6-year pooled analysis."
"discovery","TG","secondary","log_UACR","LOG_UACR","Model 3",0.338058150707501,-0.651567187246826,1.32768348866183,0.508634920444757,0.605762967422783,,6482,6482,5,154125836.406826,"AGE_YEARS + SEX + RACE_ETHNICITY + EDUCATION + PIR + BMI + SMOKING_STATUS + ALCOHOL_STATUS + DIABETES_STATUS + HYPERTENSION_STATUS + EGFR_CKD_EPI_2021 + UIC_UG_L","AGE_YEARS + SEX + RACE_ETHNICITY + EDUCATION + PIR + BMI + SMOKING_STATUS + ALCOHOL_STATUS + DIABETES_STATUS + HYPERTENSION_STATUS + EGFR_CKD_EPI_2021 + UIC_UG_L","",TRUE,"Discovery cohort used cycle-specific thyroid analysis weights: WTMEC2YR for 2007-2008 and WTSA2YR for 2009-2012, divided by 3 for 6-year pooled analysis."
"discovery","TG","secondary","UACR quartile","UACR_QUARTILEQ2","Model 1",1.12699633807761,-1.70609641419286,3.96008909034809,0.439571053711923,0.502366918527911,0.0170309725501727,6482,6482,5,154125836.406826,"","","",FALSE,"Discovery cohort used cycle-specific thyroid analysis weights: WTMEC2YR for 2007-2008 and WTSA2YR for 2009-2012, divided by 3 for 6-year pooled analysis."
"discovery","TG","secondary","UACR quartile","UACR_QUARTILEQ3","Model 1",1.24934565325681,-1.89637239978122,4.39506370629485,0.440302192308,0.595529822674208,0.0170309725501727,6482,6482,5,154125836.406826,"","","",FALSE,"Discovery cohort used cycle-specific thyroid analysis weights: WTMEC2YR for 2007-2008 and WTSA2YR for 2009-2012, divided by 3 for 6-year pooled analysis."
"discovery","TG","secondary","UACR quartile","UACR_QUARTILEQ4","Model 1",3.30351600216173,1.38297764589678,5.22405435842668,0.00152369034746088,0.00243790455593741,0.0170309725501727,6482,6482,5,154125836.406826,"","","",FALSE,"Discovery cohort used cycle-specific thyroid analysis weights: WTMEC2YR for 2007-2008 and WTSA2YR for 2009-2012, divided by 3 for 6-year pooled analysis."
"discovery","TG","secondary","UACR quartile","UACR_QUARTILEQ2","Model 2",0.113951532219328,-2.75866422190305,2.98656728634171,0.938414790940411,0.938414790940411,0.636985910646788,6482,6482,5,154125836.406826,"AGE_YEARS + SEX + RACE_ETHNICITY","AGE_YEARS + SEX + RACE_ETHNICITY","",FALSE,"Discovery cohort used cycle-specific thyroid analysis weights: WTMEC2YR for 2007-2008 and WTSA2YR for 2009-2012, divided by 3 for 6-year pooled analysis."
"discovery","TG","secondary","UACR quartile","UACR_QUARTILEQ3","Model 2",-0.154463981595028,-3.7354260862919,3.42649812310184,0.933045532639865,0.933045532639865,0.636985910646788,6482,6482,5,154125836.406826,"AGE_YEARS + SEX + RACE_ETHNICITY","AGE_YEARS + SEX + RACE_ETHNICITY","",FALSE,"Discovery cohort used cycle-specific thyroid analysis weights: WTMEC2YR for 2007-2008 and WTSA2YR for 2009-2012, divided by 3 for 6-year pooled analysis."
"discovery","TG","secondary","UACR quartile","UACR_QUARTILEQ4","Model 2",0.963345990279745,-1.51099268559888,3.43768466615837,0.449883394458852,0.599844525945136,0.636985910646788,6482,6482,5,154125836.406826,"AGE_YEARS + SEX + RACE_ETHNICITY","AGE_YEARS + SEX + RACE_ETHNICITY","",FALSE,"Discovery cohort used cycle-specific thyroid analysis weights: WTMEC2YR for 2007-2008 and WTSA2YR for 2009-2012, divided by 3 for 6-year pooled analysis."
"discovery","TG","secondary","UACR quartile","UACR_QUARTILEQ2","Model 3",0.287660763333566,-2.86847197045578,3.44379349712291,0.859604226198912,0.982404829941614,0.822561928191065,6482,6482,5,154125836.406826,"AGE_YEARS + SEX + RACE_ETHNICITY + EDUCATION + PIR + BMI + SMOKING_STATUS + ALCOHOL_STATUS + DIABETES_STATUS + HYPERTENSION_STATUS + EGFR_CKD_EPI_2021 + UIC_UG_L","AGE_YEARS + SEX + RACE_ETHNICITY + EDUCATION + PIR + BMI + SMOKING_STATUS + ALCOHOL_STATUS + DIABETES_STATUS + HYPERTENSION_STATUS + EGFR_CKD_EPI_2021 + UIC_UG_L","",TRUE,"Discovery cohort used cycle-specific thyroid analysis weights: WTMEC2YR for 2007-2008 and WTSA2YR for 2009-2012, divided by 3 for 6-year pooled analysis."
"discovery","TG","secondary","UACR quartile","UACR_QUARTILEQ3","Model 3",-0.0642777947689152,-4.1379952288834,4.00943963934557,0.975564601083624,0.985503655888505,0.822561928191065,6482,6482,5,154125836.406826,"AGE_YEARS + SEX + RACE_ETHNICITY + EDUCATION + PIR + BMI + SMOKING_STATUS + ALCOHOL_STATUS + DIABETES_STATUS + HYPERTENSION_STATUS + EGFR_CKD_EPI_2021 + UIC_UG_L","AGE_YEARS + SEX + RACE_ETHNICITY + EDUCATION + PIR + BMI + SMOKING_STATUS + ALCOHOL_STATUS + DIABETES_STATUS + HYPERTENSION_STATUS + EGFR_CKD_EPI_2021 + UIC_UG_L","",TRUE,"Discovery cohort used cycle-specific thyroid analysis weights: WTMEC2YR for 2007-2008 and WTSA2YR for 2009-2012, divided by 3 for 6-year pooled analysis."
"discovery","TG","secondary","UACR quartile","UACR_QUARTILEQ4","Model 3",0.636437758523838,-2.34677475936771,3.61965027641539,0.679274010812669,0.679274010812669,0.822561928191065,6482,6482,5,154125836.406826,"AGE_YEARS + SEX + RACE_ETHNICITY + EDUCATION + PIR + BMI + SMOKING_STATUS + ALCOHOL_STATUS + DIABETES_STATUS + HYPERTENSION_STATUS + EGFR_CKD_EPI_2021 + UIC_UG_L","AGE_YEARS + SEX + RACE_ETHNICITY + EDUCATION + PIR + BMI + SMOKING_STATUS + ALCOHOL_STATUS + DIABETES_STATUS + HYPERTENSION_STATUS + EGFR_CKD_EPI_2021 + UIC_UG_L","",TRUE,"Discovery cohort used cycle-specific thyroid analysis weights: WTMEC2YR for 2007-2008 and WTSA2YR for 2009-2012, divided by 3 for 6-year pooled analysis."
"discovery","TG","secondary","UACR clinical category","UACR_CLINICAL_CATEGORY30-300","Model 1",3.66138154488891,0.415718380598267,6.90704470917956,0.0319341744922286,0.0638683489844573,0.0125162276834168,6482,6482,5,154125836.406826,"","","",FALSE,"Discovery cohort used cycle-specific thyroid analysis weights: WTMEC2YR for 2007-2008 and WTSA2YR for 2009-2012, divided by 3 for 6-year pooled analysis."
"discovery","TG","secondary","UACR clinical category","UACR_CLINICAL_CATEGORY>=300","Model 1",5.92764690609319,-2.18967980427348,14.0449736164599,0.158965481500599,0.211953975334133,0.0125162276834168,6482,6482,5,154125836.406826,"","","",FALSE,"Discovery cohort used cycle-specific thyroid analysis weights: WTMEC2YR for 2007-2008 and WTSA2YR for 2009-2012, divided by 3 for 6-year pooled analysis."
"discovery","TG","secondary","UACR clinical category","UACR_CLINICAL_CATEGORY30-300","Model 2",1.9415622522132,-1.58752816631798,5.47065267074437,0.287197756561815,0.627938634535351,0.131945850502127,6482,6482,5,154125836.406826,"AGE_YEARS + SEX + RACE_ETHNICITY","AGE_YEARS + SEX + RACE_ETHNICITY","",FALSE,"Discovery cohort used cycle-specific thyroid analysis weights: WTMEC2YR for 2007-2008 and WTSA2YR for 2009-2012, divided by 3 for 6-year pooled analysis."
"discovery","TG","secondary","UACR clinical category","UACR_CLINICAL_CATEGORY>=300","Model 2",4.88404886787257,-3.2631111444554,13.0312088802005,0.246782299362736,0.329043065816981,0.131945850502127,6482,6482,5,154125836.406826,"AGE_YEARS + SEX + RACE_ETHNICITY","AGE_YEARS + SEX + RACE_ETHNICITY","",FALSE,"Discovery cohort used cycle-specific thyroid analysis weights: WTMEC2YR for 2007-2008 and WTSA2YR for 2009-2012, divided by 3 for 6-year pooled analysis."
"discovery","TG","secondary","UACR clinical category","UACR_CLINICAL_CATEGORY30-300","Model 3",1.17397575477523,-2.31022263195203,4.6581741415025,0.514587352158754,0.840517572400495,0.336235772471313,6482,6482,5,154125836.406826,"AGE_YEARS + SEX + RACE_ETHNICITY + EDUCATION + PIR + BMI + SMOKING_STATUS + ALCOHOL_STATUS + DIABETES_STATUS + HYPERTENSION_STATUS + EGFR_CKD_EPI_2021 + UIC_UG_L","AGE_YEARS + SEX + RACE_ETHNICITY + EDUCATION + PIR + BMI + SMOKING_STATUS + ALCOHOL_STATUS + DIABETES_STATUS + HYPERTENSION_STATUS + EGFR_CKD_EPI_2021 + UIC_UG_L","",TRUE,"Discovery cohort used cycle-specific thyroid analysis weights: WTMEC2YR for 2007-2008 and WTSA2YR for 2009-2012, divided by 3 for 6-year pooled analysis."
"discovery","TG","secondary","UACR clinical category","UACR_CLINICAL_CATEGORY>=300","Model 3",3.19161887582878,-5.14695827056251,11.5301960222201,0.459624159415815,0.612832212554419,0.336235772471313,6482,6482,5,154125836.406826,"AGE_YEARS + SEX + RACE_ETHNICITY + EDUCATION + PIR + BMI + SMOKING_STATUS + ALCOHOL_STATUS + DIABETES_STATUS + HYPERTENSION_STATUS + EGFR_CKD_EPI_2021 + UIC_UG_L","AGE_YEARS + SEX + RACE_ETHNICITY + EDUCATION + PIR + BMI + SMOKING_STATUS + ALCOHOL_STATUS + DIABETES_STATUS + HYPERTENSION_STATUS + EGFR_CKD_EPI_2021 + UIC_UG_L","",TRUE,"Discovery cohort used cycle-specific thyroid analysis weights: WTMEC2YR for 2007-2008 and WTSA2YR for 2009-2012, divided by 3 for 6-year pooled analysis."
